{"chunk_definitions":[{"row":8,"row_count":1,"visible":true,"expansion_state":0,"options":[],"document_id":null,"chunk_id":"cksqv96qyyaq7","chunk_label":"unnamed-chunk-1"},{"row":17,"row_count":1,"visible":true,"expansion_state":0,"options":[],"document_id":null,"chunk_id":"ckoir9ad17f61","chunk_label":"unnamed-chunk-3"},{"row":21,"row_count":1,"visible":true,"expansion_state":0,"options":[],"document_id":null,"chunk_id":"c75v0iqkglm4z","chunk_label":"unnamed-chunk-4"},{"row":32,"row_count":1,"visible":true,"expansion_state":0,"options":[],"document_id":null,"chunk_id":"cpd88bi4fudju","chunk_label":"unnamed-chunk-5"},{"row":36,"row_count":1,"visible":true,"expansion_state":0,"options":[],"document_id":null,"chunk_id":"cgm6wqo37elho","chunk_label":"unnamed-chunk-6"},{"row":48,"row_count":1,"visible":true,"expansion_state":0,"options":[],"document_id":null,"chunk_id":"cdesplw9m8swz","chunk_label":"unnamed-chunk-7"},{"row":58,"row_count":1,"visible":true,"expansion_state":0,"options":[],"document_id":null,"chunk_id":"czuh39w05jwm4","chunk_label":"unnamed-chunk-9"},{"row":76,"row_count":1,"visible":true,"expansion_state":0,"options":[],"document_id":null,"chunk_id":"ck2b8n6rh3ud8","chunk_label":"unnamed-chunk-11"},{"row":85,"row_count":1,"visible":true,"expansion_state":0,"options":[],"document_id":null,"chunk_id":"c7qbakswq0qsx","chunk_label":"unnamed-chunk-12"},{"row":89,"row_count":1,"visible":true,"expansion_state":0,"options":[],"document_id":null,"chunk_id":"cwiffzfwtmi50","chunk_label":"unnamed-chunk-13"},{"row":97,"row_count":1,"visible":true,"expansion_state":0,"options":[],"document_id":null,"chunk_id":"cogpbbz6ei7fe","chunk_label":"unnamed-chunk-14"},{"row":101,"row_count":1,"visible":true,"expansion_state":0,"options":[],"document_id":null,"chunk_id":"cc8i9zoo5iwt6","chunk_label":"unnamed-chunk-15"},{"row":105,"row_count":1,"visible":true,"expansion_state":0,"options":[],"document_id":null,"chunk_id":"cfxgga6gybt8s","chunk_label":"unnamed-chunk-16"},{"row":112,"row_count":1,"visible":true,"expansion_state":0,"options":[],"document_id":null,"chunk_id":"cvm1myw8tb2f6","chunk_label":"unnamed-chunk-17"},{"row":116,"row_count":1,"visible":true,"expansion_state":0,"options":[],"document_id":null,"chunk_id":"cskhxgb4xmgvr","chunk_label":"unnamed-chunk-18"},{"row":120,"row_count":1,"visible":true,"expansion_state":0,"options":[],"document_id":null,"chunk_id":"c6ca97kcfifh7","chunk_label":"unnamed-chunk-19"},{"row":133,"row_count":1,"visible":true,"expansion_state":0,"options":[],"document_id":null,"chunk_id":"c47lgbnlt2xgr","chunk_label":"unnamed-chunk-20"},{"row":140,"row_count":1,"visible":true,"expansion_state":0,"options":[],"document_id":null,"chunk_id":"ce1ecu8q8ec82","chunk_label":"unnamed-chunk-21"},{"row":145,"row_count":1,"visible":true,"expansion_state":0,"options":[],"document_id":null,"chunk_id":"c5p6aghftdpey","chunk_label":"unnamed-chunk-22"},{"row":149,"row_count":1,"visible":true,"expansion_state":0,"options":[],"document_id":null,"chunk_id":"cxxjks187twth","chunk_label":"unnamed-chunk-23"},{"row":153,"row_count":1,"visible":true,"expansion_state":0,"options":[],"document_id":null,"chunk_id":"ck3rdjs1po2ij","chunk_label":"unnamed-chunk-24"},{"row":160,"row_count":1,"visible":true,"expansion_state":0,"options":[],"document_id":null,"chunk_id":"cmtezfjldt4fz","chunk_label":"unnamed-chunk-25"},{"row":164,"row_count":1,"visible":true,"expansion_state":0,"options":[],"document_id":null,"chunk_id":"cidp4tcce5s8c","chunk_label":"unnamed-chunk-26"},{"row":169,"row_count":1,"visible":true,"expansion_state":0,"options":[],"document_id":null,"chunk_id":"cnewz1oo6tnek","chunk_label":"unnamed-chunk-27"},{"row":173,"row_count":1,"visible":true,"expansion_state":0,"options":[],"document_id":null,"chunk_id":"cxsl60tc78lok","chunk_label":"unnamed-chunk-28"},{"row":185,"row_count":1,"visible":true,"expansion_state":0,"options":[],"document_id":null,"chunk_id":"ctptjbh4mt6qp","chunk_label":"unnamed-chunk-29"},{"row":189,"row_count":1,"visible":true,"expansion_state":0,"options":[],"document_id":null,"chunk_id":"cb84tqnwv1myd","chunk_label":"unnamed-chunk-30"},{"row":195,"row_count":1,"visible":true,"expansion_state":0,"options":[],"document_id":null,"chunk_id":"chkk6cvd1dnul","chunk_label":"unnamed-chunk-31"},{"row":199,"row_count":1,"visible":true,"expansion_state":0,"options":[],"document_id":null,"chunk_id":"cfri6y6kdourh","chunk_label":"unnamed-chunk-32"},{"row":204,"row_count":1,"visible":true,"expansion_state":0,"options":[],"document_id":null,"chunk_id":"cxcg0dazg4rbv","chunk_label":"unnamed-chunk-33"},{"row":208,"row_count":1,"visible":true,"expansion_state":0,"options":[],"document_id":null,"chunk_id":"c60jhq04a7tzp","chunk_label":"unnamed-chunk-34"},{"row":212,"row_count":1,"visible":true,"expansion_state":0,"options":[],"document_id":null,"chunk_id":"c4lt6vvzdz5bp","chunk_label":"unnamed-chunk-35"},{"row":219,"row_count":1,"visible":true,"expansion_state":0,"options":[],"document_id":null,"chunk_id":"cz3mxipknvhub","chunk_label":"unnamed-chunk-36"},{"row":223,"row_count":1,"visible":true,"expansion_state":0,"options":[],"document_id":null,"chunk_id":"cjgseulq082ir","chunk_label":"unnamed-chunk-37"},{"row":228,"row_count":1,"visible":true,"expansion_state":0,"options":[],"document_id":null,"chunk_id":"c7du80rbfx517","chunk_label":"unnamed-chunk-38"},{"row":232,"row_count":1,"visible":true,"expansion_state":0,"options":[],"document_id":null,"chunk_id":"cwzn12twjyqjj","chunk_label":"unnamed-chunk-39"}],"doc_write_time":1740520288}