{"chunk_definitions":[{"row":23,"row_count":1,"visible":true,"expansion_state":0,"options":{"engine":"r","include":false,"label":"unnamed-chunk-22","dev":"png"},"document_id":"9F3138F8","chunk_id":"c9yxgakbv1udc","chunk_label":"unnamed-chunk-1"},{"row":28,"row_count":1,"visible":true,"expansion_state":1,"options":{"engine":"r","include":false,"label":"unnamed-chunk-17","dev":"png"},"document_id":"9F3138F8","chunk_id":"cd681hrvj4d9o","chunk_label":"unnamed-chunk-2"},{"row":64,"row_count":1,"visible":true,"expansion_state":0,"options":{"engine":"r","label":"unnamed-chunk-8","dev":"png"},"document_id":"9F3138F8","chunk_id":"c7np532p1ngwn","chunk_label":"unnamed-chunk-3"},{"row":76,"row_count":1,"visible":true,"expansion_state":0,"options":{"engine":"r","include":false,"label":"unnamed-chunk-14","dev":"png"},"document_id":"9F3138F8","chunk_id":"chstd7bnvg799","chunk_label":"unnamed-chunk-4"},{"row":102,"row_count":1,"visible":true,"expansion_state":0,"options":{"engine":"r","echo":true,"label":"unnamed-chunk-19","dev":"png"},"document_id":"9F3138F8","chunk_id":"cc6i2jfqjyij9","chunk_label":"unnamed-chunk-6"},{"row":130,"row_count":1,"visible":true,"expansion_state":0,"options":{"engine":"r","echo":true,"label":"unnamed-chunk-20","dev":"png"},"document_id":"9F3138F8","chunk_id":"c9v85gyrwz8nv","chunk_label":"unnamed-chunk-7"}],"doc_write_time":1741658970,"chunk_rendered_width":700}