{"chunk_definitions":[{"row":7,"row_count":1,"visible":true,"expansion_state":1,"options":{"engine":"r","label":"unnamed-chunk-1","dev":"png"},"document_id":"91F27FA6","chunk_id":"c6v43bax5zc61","chunk_label":"unnamed-chunk-1"},{"row":11,"row_count":1,"visible":true,"expansion_state":0,"options":{"engine":"r","label":"unnamed-chunk-5","dev":"png"},"document_id":"91F27FA6","chunk_id":"c9ftfozweiduh","chunk_label":"unnamed-chunk-2"},{"row":42,"row_count":1,"visible":true,"expansion_state":0,"options":{"engine":"r","label":"unnamed-chunk-68","dev":"png"},"document_id":"91F27FA6","chunk_id":"cbfu57xakepyv","chunk_label":"unnamed-chunk-3"},{"row":56,"row_count":1,"visible":true,"expansion_state":0,"options":{"engine":"r","label":"unnamed-chunk-81","dev":"png"},"document_id":"91F27FA6","chunk_id":"cozxek2hsaif5","chunk_label":"unnamed-chunk-4"},{"row":60,"row_count":1,"visible":true,"expansion_state":0,"options":{"engine":"r","label":"unnamed-chunk-70","dev":"png"},"document_id":"91F27FA6","chunk_id":"cw1ddi13dmroa","chunk_label":"unnamed-chunk-5"}],"doc_write_time":1744251852,"chunk_rendered_width":700}