{"chunk_definitions":[{"row":8,"row_count":1,"visible":true,"expansion_state":0,"options":[],"document_id":null,"chunk_id":"crig7w5s2x9ul","chunk_label":"unnamed-chunk-1"},{"row":17,"row_count":1,"visible":true,"expansion_state":0,"options":[],"document_id":null,"chunk_id":"cjg3clwowie3n","chunk_label":"unnamed-chunk-3"},{"row":21,"row_count":1,"visible":true,"expansion_state":0,"options":[],"document_id":null,"chunk_id":"cm82ki22t5ul5","chunk_label":"unnamed-chunk-4"},{"row":32,"row_count":1,"visible":true,"expansion_state":0,"options":[],"document_id":null,"chunk_id":"czxdrfkxlmj9i","chunk_label":"unnamed-chunk-5"},{"row":36,"row_count":1,"visible":true,"expansion_state":0,"options":[],"document_id":null,"chunk_id":"ck712uvz14ipv","chunk_label":"unnamed-chunk-6"},{"row":48,"row_count":1,"visible":true,"expansion_state":0,"options":[],"document_id":null,"chunk_id":"ckzz250j8vp8z","chunk_label":"unnamed-chunk-7"},{"row":58,"row_count":1,"visible":true,"expansion_state":0,"options":[],"document_id":null,"chunk_id":"cz3w9dtyqtc71","chunk_label":"unnamed-chunk-9"},{"row":76,"row_count":1,"visible":true,"expansion_state":0,"options":[],"document_id":null,"chunk_id":"ch7umbecua5iz","chunk_label":"unnamed-chunk-11"},{"row":85,"row_count":1,"visible":true,"expansion_state":0,"options":[],"document_id":null,"chunk_id":"crr4yvdvyo85s","chunk_label":"unnamed-chunk-12"},{"row":89,"row_count":1,"visible":true,"expansion_state":0,"options":[],"document_id":null,"chunk_id":"c8gu6szcwji0f","chunk_label":"unnamed-chunk-13"},{"row":97,"row_count":1,"visible":true,"expansion_state":0,"options":[],"document_id":null,"chunk_id":"cseaj2prfc7co","chunk_label":"unnamed-chunk-14"},{"row":101,"row_count":1,"visible":true,"expansion_state":0,"options":[],"document_id":null,"chunk_id":"cpkx2125iqi3x","chunk_label":"unnamed-chunk-15"},{"row":105,"row_count":1,"visible":true,"expansion_state":0,"options":[],"document_id":null,"chunk_id":"cqzi0ow1nbinb","chunk_label":"unnamed-chunk-16"},{"row":112,"row_count":1,"visible":true,"expansion_state":0,"options":[],"document_id":null,"chunk_id":"chztgkd42b75o","chunk_label":"unnamed-chunk-17"},{"row":116,"row_count":1,"visible":true,"expansion_state":0,"options":[],"document_id":null,"chunk_id":"crhqt0ph4n6ej","chunk_label":"unnamed-chunk-18"},{"row":120,"row_count":1,"visible":true,"expansion_state":0,"options":[],"document_id":null,"chunk_id":"cftcvc9gbi10n","chunk_label":"unnamed-chunk-19"},{"row":133,"row_count":1,"visible":true,"expansion_state":0,"options":[],"document_id":null,"chunk_id":"czbyibxbfz70d","chunk_label":"unnamed-chunk-20"},{"row":140,"row_count":1,"visible":true,"expansion_state":0,"options":[],"document_id":null,"chunk_id":"c2ojzbelmhczb","chunk_label":"unnamed-chunk-21"},{"row":145,"row_count":1,"visible":true,"expansion_state":0,"options":[],"document_id":null,"chunk_id":"c9uktxe3joc00","chunk_label":"unnamed-chunk-22"},{"row":149,"row_count":1,"visible":true,"expansion_state":0,"options":[],"document_id":null,"chunk_id":"c6fzmv43yp60p","chunk_label":"unnamed-chunk-23"},{"row":153,"row_count":1,"visible":true,"expansion_state":0,"options":[],"document_id":null,"chunk_id":"c4cvrwcuc1302","chunk_label":"unnamed-chunk-24"},{"row":160,"row_count":1,"visible":true,"expansion_state":0,"options":[],"document_id":null,"chunk_id":"cpdpazvmrr2ur","chunk_label":"unnamed-chunk-25"},{"row":164,"row_count":1,"visible":true,"expansion_state":0,"options":[],"document_id":null,"chunk_id":"cvsrdyk5kcocg","chunk_label":"unnamed-chunk-26"},{"row":169,"row_count":1,"visible":true,"expansion_state":0,"options":[],"document_id":null,"chunk_id":"c65ffq6pz19i9","chunk_label":"unnamed-chunk-27"},{"row":173,"row_count":1,"visible":true,"expansion_state":0,"options":[],"document_id":null,"chunk_id":"c80om7l470343","chunk_label":"unnamed-chunk-28"},{"row":185,"row_count":1,"visible":true,"expansion_state":0,"options":[],"document_id":null,"chunk_id":"cpjia0vffxfug","chunk_label":"unnamed-chunk-29"},{"row":189,"row_count":1,"visible":true,"expansion_state":0,"options":[],"document_id":null,"chunk_id":"cn5yv22q7ilns","chunk_label":"unnamed-chunk-30"},{"row":195,"row_count":1,"visible":true,"expansion_state":0,"options":[],"document_id":null,"chunk_id":"cqftubvr39egc","chunk_label":"unnamed-chunk-31"},{"row":199,"row_count":1,"visible":true,"expansion_state":0,"options":[],"document_id":null,"chunk_id":"c22m33c24jat6","chunk_label":"unnamed-chunk-32"},{"row":204,"row_count":1,"visible":true,"expansion_state":0,"options":[],"document_id":null,"chunk_id":"c1sdwh0fwnaiy","chunk_label":"unnamed-chunk-33"},{"row":208,"row_count":1,"visible":true,"expansion_state":0,"options":[],"document_id":null,"chunk_id":"ckqxtml0vyi9g","chunk_label":"unnamed-chunk-34"},{"row":212,"row_count":1,"visible":true,"expansion_state":0,"options":[],"document_id":null,"chunk_id":"c067gdza43g99","chunk_label":"unnamed-chunk-35"},{"row":219,"row_count":1,"visible":true,"expansion_state":0,"options":[],"document_id":null,"chunk_id":"cgyen5pqq7il9","chunk_label":"unnamed-chunk-36"},{"row":223,"row_count":1,"visible":true,"expansion_state":0,"options":[],"document_id":null,"chunk_id":"cuhn6yymh6ygb","chunk_label":"unnamed-chunk-37"},{"row":228,"row_count":1,"visible":true,"expansion_state":0,"options":[],"document_id":null,"chunk_id":"c6qfxsp3c0by0","chunk_label":"unnamed-chunk-38"},{"row":232,"row_count":1,"visible":true,"expansion_state":0,"options":[],"document_id":null,"chunk_id":"cpsjuaeg341w4","chunk_label":"unnamed-chunk-39"}],"doc_write_time":1740520288}