"1","
<!-- rnb-source-begin eyJkYXRhIjoiYGBgclxuZ2xpbXBzZShzdHVkZW50cylcblxuYGBgIn0= -->

```r
glimpse(students)

```

<!-- rnb-source-end -->
"
"0","```r
glimpse(students)

```"
"1","Rows: 6
Columns: 5
$ `Student ID`   <dbl> 1, 2, 3, 4, 5, 6
$ `Full Name`    <chr> \"Sunil Huffmann\", \"Barclay Lynn\", \"Jayendra Lyne\", \"Le…
$ favourite.food <chr> \"Strawberry yoghurt\", \"French fries\", NA, \"Anchovies\",…
$ mealPlan       <chr> \"Lunch only\", \"Lunch only\", \"Breakfast and lunch\", \"Lu…
$ AGE            <chr> \"4\", \"5\", \"7\", NA, \"five\", \"6\"
"
